[
{
  "position_lat": 40.32157637,
  "position_long": -3.72084056
},
{
  "position_lat": 40.32147948,
  "position_long": -3.720608549
},
{
  "position_lat": 40.32136288,
  "position_long": -3.720386261
},
{
  "position_lat": 40.32133522,
  "position_long": -3.720335215
},
{
  "position_lat": 40.32123246,
  "position_long": -3.720141426
},
{
  "position_lat": 40.32123246,
  "position_long": -3.720141426
},
{
  "position_lat": 40.32117479,
  "position_long": -3.720047381
},
{
  "position_lat": 40.32114571,
  "position_long": -3.720000191
},
{
  "position_lat": 40.3211157,
  "position_long": -3.719953336
},
{
  "position_lat": 40.32108427,
  "position_long": -3.719903044
},
{
  "position_lat": 40.32102459,
  "position_long": -3.719802042
},
{
  "position_lat": 40.32102459,
  "position_long": -3.719802042
},
{
  "position_lat": 40.32093666,
  "position_long": -3.719659802
},
{
  "position_lat": 40.32083105,
  "position_long": -3.719465509
},
{
  "position_lat": 40.32080406,
  "position_long": -3.719415553
},
{
  "position_lat": 40.32074866,
  "position_long": -3.719317401
},
{
  "position_lat": 40.32060742,
  "position_long": -3.719085306
},
{
  "position_lat": 40.32046594,
  "position_long": -3.718840638
},
{
  "position_lat": 40.32043878,
  "position_long": -3.7187937
},
{
  "position_lat": 40.32033099,
  "position_long": -3.718610974
},
{
  "position_lat": 40.32030366,
  "position_long": -3.718565293
},
{
  "position_lat": 40.32019252,
  "position_long": -3.718380556
},
{
  "position_lat": 40.32005975,
  "position_long": -3.71815416
},
{
  "position_lat": 40.31998004,
  "position_long": -3.718018793
},
{
  "position_lat": 40.31993109,
  "position_long": -3.717931788
},
{
  "position_lat": 40.31985615,
  "position_long": -3.717796085
},
{
  "position_lat": 40.31980846,
  "position_long": -3.717710003
},
{
  "position_lat": 40.31978549,
  "position_long": -3.717666501
},
{
  "position_lat": 40.31973881,
  "position_long": -3.717579665
},
{
  "position_lat": 40.31971324,
  "position_long": -3.717537588
},
{
  "position_lat": 40.31968617,
  "position_long": -3.717494421
},
{
  "position_lat": 40.31961098,
  "position_long": -3.717371458
},
{
  "position_lat": 40.31953479,
  "position_long": -3.717250004
},
{
  "position_lat": 40.31941082,
  "position_long": -3.7170335
},
{
  "position_lat": 40.31933807,
  "position_long": -3.716910873
},
{
  "position_lat": 40.31923807,
  "position_long": -3.716748348
},
{
  "position_lat": 40.31909902,
  "position_long": -3.716516504
},
{
  "position_lat": 40.31898108,
  "position_long": -3.716299832
},
{
  "position_lat": 40.31885921,
  "position_long": -3.716085171
},
{
  "position_lat": 40.31874698,
  "position_long": -3.716022223
},
{
  "position_lat": 40.31862577,
  "position_long": -3.715980565
},
{
  "position_lat": 40.31855134,
  "position_long": -3.71594335
},
{
  "position_lat": 40.31848479,
  "position_long": -3.715887358
},
{
  "position_lat": 40.3184407,
  "position_long": -3.7158198
},
{
  "position_lat": 40.31830559,
  "position_long": -3.715553507
},
{
  "position_lat": 40.31813367,
  "position_long": -3.71539861
},
{
  "position_lat": 40.31796603,
  "position_long": -3.715257794
},
{
  "position_lat": 40.31793309,
  "position_long": -3.715232061
},
{
  "position_lat": 40.31790066,
  "position_long": -3.715205491
},
{
  "position_lat": 40.31783553,
  "position_long": -3.71515369
},
{
  "position_lat": 40.31763227,
  "position_long": -3.715001727
},
{
  "position_lat": 40.31753512,
  "position_long": -3.714922937
},
{
  "position_lat": 40.31746899,
  "position_long": -3.714873651
},
{
  "position_lat": 40.31743512,
  "position_long": -3.714844733
},
{
  "position_lat": 40.31726824,
  "position_long": -3.714706013
},
{
  "position_lat": 40.3172353,
  "position_long": -3.714677012
},
{
  "position_lat": 40.31706942,
  "position_long": -3.714531166
},
{
  "position_lat": 40.31703623,
  "position_long": -3.714501914
},
{
  "position_lat": 40.3170027,
  "position_long": -3.7144766
},
{
  "position_lat": 40.316967,
  "position_long": -3.714453718
},
{
  "position_lat": 40.31693414,
  "position_long": -3.714433266
},
{
  "position_lat": 40.31676675,
  "position_long": -3.714295719
},
{
  "position_lat": 40.3165655,
  "position_long": -3.714140402
},
{
  "position_lat": 40.31640323,
  "position_long": -3.714005873
},
{
  "position_lat": 40.31623165,
  "position_long": -3.713871008
},
{
  "position_lat": 40.31606141,
  "position_long": -3.713739244
},
{
  "position_lat": 40.31586092,
  "position_long": -3.713566912
},
{
  "position_lat": 40.31565045,
  "position_long": -3.713412518
},
{
  "position_lat": 40.31547636,
  "position_long": -3.713284526
},
{
  "position_lat": 40.31531056,
  "position_long": -3.713153098
},
{
  "position_lat": 40.3150783,
  "position_long": -3.713030303
},
{
  "position_lat": 40.31485367,
  "position_long": -3.712974731
},
{
  "position_lat": 40.31479608,
  "position_long": -3.712912034
},
{
  "position_lat": 40.31473255,
  "position_long": -3.712774068
},
{
  "position_lat": 40.31471411,
  "position_long": -3.712727465
},
{
  "position_lat": 40.31464697,
  "position_long": -3.712601485
},
{
  "position_lat": 40.31448654,
  "position_long": -3.712437283
},
{
  "position_lat": 40.31428495,
  "position_long": -3.712270651
},
{
  "position_lat": 40.31411321,
  "position_long": -3.712128494
},
{
  "position_lat": 40.31394599,
  "position_long": -3.711997066
},
{
  "position_lat": 40.31378506,
  "position_long": -3.711880306
},
{
  "position_lat": 40.31368422,
  "position_long": -3.711800091
},
{
  "position_lat": 40.31364969,
  "position_long": -3.71177176
},
{
  "position_lat": 40.31355103,
  "position_long": -3.71168769
},
{
  "position_lat": 40.31345297,
  "position_long": -3.711607642
},
{
  "position_lat": 40.31331718,
  "position_long": -3.711500773
},
{
  "position_lat": 40.31321819,
  "position_long": -3.711416703
},
{
  "position_lat": 40.31312079,
  "position_long": -3.711339924
},
{
  "position_lat": 40.31295382,
  "position_long": -3.711205982
},
{
  "position_lat": 40.31278065,
  "position_long": -3.711071787
},
{
  "position_lat": 40.31264897,
  "position_long": -3.710969444
},
{
  "position_lat": 40.31247698,
  "position_long": -3.710822007
},
{
  "position_lat": 40.3122873,
  "position_long": -3.710719915
},
{
  "position_lat": 40.31210549,
  "position_long": -3.710673228
},
{
  "position_lat": 40.31203726,
  "position_long": -3.710643388
},
{
  "position_lat": 40.31198328,
  "position_long": -3.710539369
},
{
  "position_lat": 40.31198001,
  "position_long": -3.710496034
},
{
  "position_lat": 40.31212846,
  "position_long": -3.710323786
},
{
  "position_lat": 40.31231479,
  "position_long": -3.7104729
},
{
  "position_lat": 40.3124515,
  "position_long": -3.71070114
},
{
  "position_lat": 40.31248209,
  "position_long": -3.710745815
},
{
  "position_lat": 40.31254864,
  "position_long": -3.710821001
},
{
  "position_lat": 40.31258401,
  "position_long": -3.710855199
},
{
  "position_lat": 40.31261771,
  "position_long": -3.710887888
},
{
  "position_lat": 40.31265082,
  "position_long": -3.710924014
},
{
  "position_lat": 40.31268242,
  "position_long": -3.710962404
},
{
  "position_lat": 40.31271477,
  "position_long": -3.710995931
},
{
  "position_lat": 40.31277889,
  "position_long": -3.711060137
},
{
  "position_lat": 40.31284528,
  "position_long": -3.711120486
},
{
  "position_lat": 40.31302306,
  "position_long": -3.711271444
},
{
  "position_lat": 40.31323814,
  "position_long": -3.711441429
},
{
  "position_lat": 40.31327426,
  "position_long": -3.711468084
},
{
  "position_lat": 40.31331299,
  "position_long": -3.711492559
},
{
  "position_lat": 40.31338139,
  "position_long": -3.711536899
},
{
  "position_lat": 40.31341508,
  "position_long": -3.711560536
},
{
  "position_lat": 40.31357937,
  "position_long": -3.711679727
},
{
  "position_lat": 40.31373502,
  "position_long": -3.711820375
},
{
  "position_lat": 40.31390324,
  "position_long": -3.711961694
},
{
  "position_lat": 40.31408588,
  "position_long": -3.712112401
},
{
  "position_lat": 40.3142552,
  "position_long": -3.712262772
},
{
  "position_lat": 40.31443013,
  "position_long": -3.712393781
},
{
  "position_lat": 40.31461705,
  "position_long": -3.712528981
},
{
  "position_lat": 40.31476071,
  "position_long": -3.712625122
},
{
  "position_lat": 40.31483808,
  "position_long": -3.712631911
},
{
  "position_lat": 40.31504813,
  "position_long": -3.712599138
},
{
  "position_lat": 40.31517209,
  "position_long": -3.712562006
},
{
  "position_lat": 40.31524326,
  "position_long": -3.712517582
},
{
  "position_lat": 40.31530252,
  "position_long": -3.712446168
},
{
  "position_lat": 40.31544484,
  "position_long": -3.712237542
},
{
  "position_lat": 40.31556445,
  "position_long": -3.712042496
},
{
  "position_lat": 40.31568373,
  "position_long": -3.711849209
},
{
  "position_lat": 40.31579965,
  "position_long": -3.711625747
},
{
  "position_lat": 40.31591205,
  "position_long": -3.711400861
},
{
  "position_lat": 40.31602152,
  "position_long": -3.711181339
},
{
  "position_lat": 40.31604851,
  "position_long": -3.711137082
},
{
  "position_lat": "",
  "position_long": ""
},
{
  "position_lat": 40.31618237,
  "position_long": -3.710943628
},
{
  "position_lat": 40.31630097,
  "position_long": -3.710746318
},
{
  "position_lat": 40.31640616,
  "position_long": -3.710520258
},
{
  "position_lat": 40.31650188,
  "position_long": -3.710284643
},
{
  "position_lat": 40.31656575,
  "position_long": -3.71001374
},
{
  "position_lat": 40.31657984,
  "position_long": -3.709903266
},
{
  "position_lat": 40.31658537,
  "position_long": -3.709846437
},
{
  "position_lat": 40.31659559,
  "position_long": -3.709734371
},
{
  "position_lat": 40.3166023,
  "position_long": -3.709625155
},
{
  "position_lat": 40.31659978,
  "position_long": -3.709363975
},
{
  "position_lat": 40.3165821,
  "position_long": -3.709131209
},
{
  "position_lat": 40.31659635,
  "position_long": -3.708978994
},
{
  "position_lat": 40.31663071,
  "position_long": -3.708723849
},
{
  "position_lat": 40.31667824,
  "position_long": -3.708485132
},
{
  "position_lat": 40.31672895,
  "position_long": -3.70825002
},
{
  "position_lat": 40.31681537,
  "position_long": -3.70803209
},
{
  "position_lat": 40.31680631,
  "position_long": -3.707764121
},
{
  "position_lat": 40.31662853,
  "position_long": -3.707654066
},
{
  "position_lat": 40.31642921,
  "position_long": -3.707616515
},
{
  "position_lat": 40.31622805,
  "position_long": -3.707578965
},
{
  "position_lat": 40.3160299,
  "position_long": -3.707540324
},
{
  "position_lat": 40.31583686,
  "position_long": -3.707504701
},
{
  "position_lat": 40.3156455,
  "position_long": -3.707470251
},
{
  "position_lat": 40.31545356,
  "position_long": -3.707450721
},
{
  "position_lat": 40.31525273,
  "position_long": -3.707427671
},
{
  "position_lat": 40.31505785,
  "position_long": -3.707417445
},
{
  "position_lat": 40.3148716,
  "position_long": -3.707355
},
{
  "position_lat": 40.31470564,
  "position_long": -3.707251651
},
{
  "position_lat": 40.31457128,
  "position_long": -3.707068004
},
{
  "position_lat": 40.31447447,
  "position_long": -3.706837334
},
{
  "position_lat": 40.31443273,
  "position_long": -3.706600713
},
{
  "position_lat": 40.31442552,
  "position_long": -3.706344478
},
{
  "position_lat": 40.31442652,
  "position_long": -3.70618673
},
{
  "position_lat": 40.3144277,
  "position_long": -3.706136188
},
{
  "position_lat": 40.31442862,
  "position_long": -3.706086734
},
{
  "position_lat": 40.31443181,
  "position_long": -3.70588473
},
{
  "position_lat": 40.31443231,
  "position_long": -3.705835277
},
{
  "position_lat": 40.31443105,
  "position_long": -3.705682894
},
{
  "position_lat": 40.31443038,
  "position_long": -3.705410734
},
{
  "position_lat": 40.31445159,
  "position_long": -3.705127928
},
{
  "position_lat": 40.31444882,
  "position_long": -3.704870353
},
{
  "position_lat": 40.31444647,
  "position_long": -3.704721406
},
{
  "position_lat": 40.31443398,
  "position_long": -3.704458214
},
{
  "position_lat": 40.31443306,
  "position_long": -3.70435453
},
{
  "position_lat": 40.31443281,
  "position_long": -3.704154454
},
{
  "position_lat": 40.31443818,
  "position_long": -3.703893693
},
{
  "position_lat": 40.3144453,
  "position_long": -3.703688923
},
{
  "position_lat": 40.31445058,
  "position_long": -3.703425396
},
{
  "position_lat": 40.31445117,
  "position_long": -3.703163043
},
{
  "position_lat": 40.31445469,
  "position_long": -3.70285836
},
{
  "position_lat": 40.31445427,
  "position_long": -3.702604808
},
{
  "position_lat": 40.31446206,
  "position_long": -3.702354692
},
{
  "position_lat": 40.31443784,
  "position_long": -3.702096613
},
{
  "position_lat": 40.31441605,
  "position_long": -3.702050345
},
{
  "position_lat": "",
  "position_long": ""
},
{
  "position_lat": 40.31425168,
  "position_long": -3.701872481
},
{
  "position_lat": 40.31406753,
  "position_long": -3.701769803
},
{
  "position_lat": 40.3138501,
  "position_long": -3.701729653
},
{
  "position_lat": 40.31364684,
  "position_long": -3.701723367
},
{
  "position_lat": 40.31344207,
  "position_long": -3.701714734
},
{
  "position_lat": 40.3132373,
  "position_long": -3.701690678
},
{
  "position_lat": 40.31303538,
  "position_long": -3.701701155
},
{
  "position_lat": 40.31283245,
  "position_long": -3.701687492
},
{
  "position_lat": 40.31263196,
  "position_long": -3.701675674
},
{
  "position_lat": 40.31242518,
  "position_long": -3.70168875
},
{
  "position_lat": 40.31222477,
  "position_long": -3.701699395
},
{
  "position_lat": 40.31208881,
  "position_long": -3.701698808
},
{
  "position_lat": 40.31216878,
  "position_long": -3.701672321
},
{
  "position_lat": 40.31235142,
  "position_long": -3.701684559
},
{
  "position_lat": 40.31257153,
  "position_long": -3.701673914
},
{
  "position_lat": 40.31278308,
  "position_long": -3.701685648
},
{
  "position_lat": 40.31299506,
  "position_long": -3.701703083
},
{
  "position_lat": 40.31320143,
  "position_long": -3.701723535
},
{
  "position_lat": 40.31340117,
  "position_long": -3.701729653
},
{
  "position_lat": 40.31359571,
  "position_long": -3.701718673
},
{
  "position_lat": 40.31367375,
  "position_long": -3.701712806
},
{
  "position_lat": 40.3137118,
  "position_long": -3.701710207
},
{
  "position_lat": 40.3137501,
  "position_long": -3.701708447
},
{
  "position_lat": 40.31382328,
  "position_long": -3.701710962
},
{
  "position_lat": 40.31390182,
  "position_long": -3.701714231
},
{
  "position_lat": 40.31394197,
  "position_long": -3.701713979
},
{
  "position_lat": 40.31402168,
  "position_long": -3.701719427
},
{
  "position_lat": 40.31406166,
  "position_long": -3.701719344
},
{
  "position_lat": 40.31409938,
  "position_long": -3.701718422
},
{
  "position_lat": 40.31428194,
  "position_long": -3.701618761
},
{
  "position_lat": 40.31444388,
  "position_long": -3.701453386
},
{
  "position_lat": 40.31448738,
  "position_long": -3.701305697
},
{
  "position_lat": 40.31449593,
  "position_long": -3.701197151
},
{
  "position_lat": 40.31451085,
  "position_long": -3.7009208
},
{
  "position_lat": 40.31450657,
  "position_long": -3.700650902
},
{
  "position_lat": 40.31450506,
  "position_long": -3.70043993
},
{
  "position_lat": 40.31449853,
  "position_long": -3.700284529
},
{
  "position_lat": 40.31449098,
  "position_long": -3.700038856
},
{
  "position_lat": 40.31449098,
  "position_long": -3.699790165
},
{
  "position_lat": 40.31449174,
  "position_long": -3.699629232
},
{
  "position_lat": 40.31449886,
  "position_long": -3.699365286
},
{
  "position_lat": 40.31450246,
  "position_long": -3.699106034
},
{
  "position_lat": 40.31450523,
  "position_long": -3.698844099
},
{
  "position_lat": 40.31450825,
  "position_long": -3.698687777
},
{
  "position_lat": 40.31450657,
  "position_long": -3.698637318
},
{
  "position_lat": 40.31450825,
  "position_long": -3.698370857
},
{
  "position_lat": 40.31451034,
  "position_long": -3.698114287
},
{
  "position_lat": 40.31451822,
  "position_long": -3.697856879
},
{
  "position_lat": 40.31452971,
  "position_long": -3.697660994
},
{
  "position_lat": 40.31455074,
  "position_long": -3.697392773
},
{
  "position_lat": 40.31465703,
  "position_long": -3.697182303
},
{
  "position_lat": 40.31487521,
  "position_long": -3.697168557
},
{
  "position_lat": 40.31509339,
  "position_long": -3.697192864
},
{
  "position_lat": 40.31530377,
  "position_long": -3.697218513
},
{
  "position_lat": 40.31551399,
  "position_long": -3.697235361
},
{
  "position_lat": "",
  "position_long": ""
},
{
  "position_lat": 40.315716,
  "position_long": -3.69724324
},
{
  "position_lat": 40.31591322,
  "position_long": -3.697248437
},
{
  "position_lat": 40.31610911,
  "position_long": -3.697254891
},
{
  "position_lat": 40.31626786,
  "position_long": -3.697267547
},
{
  "position_lat": 40.3164277,
  "position_long": -3.697265368
},
{
  "position_lat": 40.31663599,
  "position_long": -3.697230835
},
{
  "position_lat": 40.31666759,
  "position_long": -3.69721625
},
{
  "position_lat": 40.31685946,
  "position_long": -3.697162773
},
{
  "position_lat": 40.31689114,
  "position_long": -3.697123546
},
{
  "position_lat": 40.31695501,
  "position_long": -3.696865467
},
{
  "position_lat": 40.31696565,
  "position_long": -3.696647035
},
{
  "position_lat": 40.31695887,
  "position_long": -3.696372528
},
{
  "position_lat": 40.31696842,
  "position_long": -3.69622115
},
{
  "position_lat": 40.31701687,
  "position_long": -3.695993163
},
{
  "position_lat": 40.31701888,
  "position_long": -3.695945889
},
{
  "position_lat": 40.31696423,
  "position_long": -3.695813622
},
{
  "position_lat": 40.31678938,
  "position_long": -3.695753189
},
{
  "position_lat": 40.31657103,
  "position_long": -3.695732653
},
{
  "position_lat": 40.3163671,
  "position_long": -3.695724355
},
{
  "position_lat": 40.31616686,
  "position_long": -3.695718152
},
{
  "position_lat": 40.31596025,
  "position_long": -3.695706083
},
{
  "position_lat": 40.31576092,
  "position_long": -3.695713878
},
{
  "position_lat": 40.31555791,
  "position_long": -3.695727289
},
{
  "position_lat": 40.3153591,
  "position_long": -3.695743717
},
{
  "position_lat": 40.31515122,
  "position_long": -3.695739275
},
{
  "position_lat": 40.31498224,
  "position_long": -3.695731396
},
{
  "position_lat": 40.31490203,
  "position_long": -3.69572226
},
{
  "position_lat": 40.31482182,
  "position_long": -3.695700131
},
{
  "position_lat": 40.31476658,
  "position_long": -3.695629137
},
{
  "position_lat": 40.31474831,
  "position_long": -3.695523776
},
{
  "position_lat": 40.31477689,
  "position_long": -3.69525237
},
{
  "position_lat": 40.31482232,
  "position_long": -3.694982473
},
{
  "position_lat": 40.31486976,
  "position_long": -3.694730848
},
{
  "position_lat": 40.31490622,
  "position_long": -3.694524905
},
{
  "position_lat": 40.31493715,
  "position_long": -3.694260372
},
{
  "position_lat": 40.31497956,
  "position_long": -3.694009418
},
{
  "position_lat": 40.31499113,
  "position_long": -3.693910511
},
{
  "position_lat": 40.31497478,
  "position_long": -3.693813616
},
{
  "position_lat": 40.31490966,
  "position_long": -3.693618067
},
{
  "position_lat": 40.31492525,
  "position_long": -3.693373902
},
{
  "position_lat": 40.31510487,
  "position_long": -3.693306427
},
{
  "position_lat": 40.3152736,
  "position_long": -3.693476496
},
{
  "position_lat": 40.31545264,
  "position_long": -3.693628209
},
{
  "position_lat": 40.31565154,
  "position_long": -3.693694677
},
{
  "position_lat": 40.31586335,
  "position_long": -3.693741448
},
{
  "position_lat": 40.31604809,
  "position_long": -3.693784447
},
{
  "position_lat": 40.31624037,
  "position_long": -3.693819987
},
{
  "position_lat": 40.31644455,
  "position_long": -3.693830632
},
{
  "position_lat": 40.31664681,
  "position_long": -3.69384354
},
{
  "position_lat": 40.31668721,
  "position_long": -3.693845468
},
{
  "position_lat": 40.31688829,
  "position_long": -3.693860974
},
{
  "position_lat": 40.31708711,
  "position_long": -3.693856532
},
{
  "position_lat": 40.31728601,
  "position_long": -3.693862818
},
{
  "position_lat": 40.3173653,
  "position_long": -3.693862734
},
{
  "position_lat": "",
  "position_long": ""
},
{
  "position_lat": 40.31744443,
  "position_long": -3.693864495
},
{
  "position_lat": 40.31763051,
  "position_long": -3.693876816
},
{
  "position_lat": 40.3178284,
  "position_long": -3.69387472
},
{
  "position_lat": 40.31803141,
  "position_long": -3.693880169
},
{
  "position_lat": 40.31822629,
  "position_long": -3.693880755
},
{
  "position_lat": 40.31842603,
  "position_long": -3.693878241
},
{
  "position_lat": 40.31863516,
  "position_long": -3.693838008
},
{
  "position_lat": 40.31874195,
  "position_long": -3.693766762
},
{
  "position_lat": 40.31877522,
  "position_long": -3.693738682
},
{
  "position_lat": 40.31895326,
  "position_long": -3.693682021
},
{
  "position_lat": 40.3190711,
  "position_long": -3.693852592
},
{
  "position_lat": 40.31902056,
  "position_long": -3.694026349
},
{
  "position_lat": 40.31884605,
  "position_long": -3.694170266
},
{
  "position_lat": 40.31871445,
  "position_long": -3.6943716
},
{
  "position_lat": 40.31860331,
  "position_long": -3.694587098
},
{
  "position_lat": 40.31845705,
  "position_long": -3.694756078
},
{
  "position_lat": 40.31830919,
  "position_long": -3.694928996
},
{
  "position_lat": 40.31816091,
  "position_long": -3.695101915
},
{
  "position_lat": 40.3180211,
  "position_long": -3.695275169
},
{
  "position_lat": 40.31788649,
  "position_long": -3.6954703
},
{
  "position_lat": 40.31784559,
  "position_long": -3.695556717
},
{
  "position_lat": 40.31785615,
  "position_long": -3.69583156
},
{
  "position_lat": 40.31791465,
  "position_long": -3.69609517
},
{
  "position_lat": 40.31797215,
  "position_long": -3.696359955
},
{
  "position_lat": 40.31798758,
  "position_long": -3.696637396
},
{
  "position_lat": 40.31799344,
  "position_long": -3.696910813
},
{
  "position_lat": 40.31800518,
  "position_long": -3.697171323
},
{
  "position_lat": 40.31800015,
  "position_long": -3.697427977
},
{
  "position_lat": 40.31797936,
  "position_long": -3.6976765
},
{
  "position_lat": 40.31797685,
  "position_long": -3.697915552
},
{
  "position_lat": 40.31797048,
  "position_long": -3.698169943
},
{
  "position_lat": 40.31795631,
  "position_long": -3.698414275
},
{
  "position_lat": 40.31795078,
  "position_long": -3.698605383
},
{
  "position_lat": 40.31796201,
  "position_long": -3.698863881
},
{
  "position_lat": 40.31795782,
  "position_long": -3.699119948
},
{
  "position_lat": 40.31796302,
  "position_long": -3.699376769
},
{
  "position_lat": 40.31798188,
  "position_long": -3.699642643
},
{
  "position_lat": 40.31798976,
  "position_long": -3.69989804
},
{
  "position_lat": 40.31797961,
  "position_long": -3.70014539
},
{
  "position_lat": 40.31796654,
  "position_long": -3.700407408
},
{
  "position_lat": 40.31795782,
  "position_long": -3.700664816
},
{
  "position_lat": 40.31794768,
  "position_long": -3.700928679
},
{
  "position_lat": 40.31794827,
  "position_long": -3.701194553
},
{
  "position_lat": 40.3179507,
  "position_long": -3.701348612
},
{
  "position_lat": 40.31795589,
  "position_long": -3.701614989
},
{
  "position_lat": 40.31795715,
  "position_long": -3.701871559
},
{
  "position_lat": 40.31796,
  "position_long": -3.702131482
},
{
  "position_lat": 40.31795313,
  "position_long": -3.702383526
},
{
  "position_lat": 40.31795539,
  "position_long": -3.702542195
},
{
  "position_lat": "",
  "position_long": ""
},
{
  "position_lat": 40.3179636,
  "position_long": -3.70281335
},
{
  "position_lat": 40.3179693,
  "position_long": -3.703068662
},
{
  "position_lat": 40.31795933,
  "position_long": -3.703323724
},
{
  "position_lat": 40.31796704,
  "position_long": -3.703595884
},
{
  "position_lat": 40.3179683,
  "position_long": -3.703858405
},
{
  "position_lat": 40.31797048,
  "position_long": -3.704111455
},
{
  "position_lat": 40.31796981,
  "position_long": -3.704362074
},
{
  "position_lat": 40.31796117,
  "position_long": -3.704621661
},
{
  "position_lat": 40.31794558,
  "position_long": -3.704895582
},
{
  "position_lat": 40.31794416,
  "position_long": -3.705172939
},
{
  "position_lat": 40.31795288,
  "position_long": -3.705420624
},
{
  "position_lat": 40.31796017,
  "position_long": -3.705662191
},
{
  "position_lat": 40.3179595,
  "position_long": -3.705939716
},
{
  "position_lat": 40.31796453,
  "position_long": -3.706208104
},
{
  "position_lat": 40.31799336,
  "position_long": -3.706303323
},
{
  "position_lat": 40.31802831,
  "position_long": -3.706338024
},
{
  "position_lat": 40.31806989,
  "position_long": -3.706358392
},
{
  "position_lat": 40.31828304,
  "position_long": -3.706373312
},
{
  "position_lat": 40.31848722,
  "position_long": -3.70638404
},
{
  "position_lat": 40.31869484,
  "position_long": -3.706400469
},
{
  "position_lat": 40.31888276,
  "position_long": -3.706429638
},
{
  "position_lat": 40.31910036,
  "position_long": -3.706419412
},
{
  "position_lat": 40.31931083,
  "position_long": -3.706414131
},
{
  "position_lat": 40.31952398,
  "position_long": -3.706411198
},
{
  "position_lat": 40.31974174,
  "position_long": -3.706408096
},
{
  "position_lat": 40.31995523,
  "position_long": -3.70639829
},
{
  "position_lat": 40.32007811,
  "position_long": -3.706341209
},
{
  "position_lat": 40.32013619,
  "position_long": -3.706256133
},
{
  "position_lat": 40.32016167,
  "position_long": -3.706141049
},
{
  "position_lat": 40.32017433,
  "position_long": -3.70586738
},
{
  "position_lat": 40.32016461,
  "position_long": -3.705600249
},
{
  "position_lat": 40.32016268,
  "position_long": -3.705491703
},
{
  "position_lat": 40.32017349,
  "position_long": -3.705223147
},
{
  "position_lat": 40.32016939,
  "position_long": -3.704957357
},
{
  "position_lat": 40.32017794,
  "position_long": -3.7046945
},
{
  "position_lat": 40.32017576,
  "position_long": -3.70464161
},
{
  "position_lat": 40.32017601,
  "position_long": -3.704378838
},
{
  "position_lat": 40.32017835,
  "position_long": -3.704114808
},
{
  "position_lat": 40.32017743,
  "position_long": -3.703861758
},
{
  "position_lat": 40.32018397,
  "position_long": -3.703615582
},
{
  "position_lat": 40.32019839,
  "position_long": -3.70335876
},
{
  "position_lat": 40.32017048,
  "position_long": -3.703101939
},
{
  "position_lat": 40.32016478,
  "position_long": -3.702827264
},
{
  "position_lat": 40.32016922,
  "position_long": -3.702569269
},
{
  "position_lat": 40.3201657,
  "position_long": -3.702310184
},
{
  "position_lat": 40.32016746,
  "position_long": -3.702049255
},
{
  "position_lat": 40.32016888,
  "position_long": -3.701796876
},
{
  "position_lat": 40.32016469,
  "position_long": -3.70154433
},
{
  "position_lat": 40.32015933,
  "position_long": -3.701305948
},
{
  "position_lat": 40.3201574,
  "position_long": -3.701154822
},
{
  "position_lat": "",
  "position_long": ""
},
{
  "position_lat": 40.32014156,
  "position_long": -3.700903449
},
{
  "position_lat": 40.32012136,
  "position_long": -3.700652998
},
{
  "position_lat": 40.32013142,
  "position_long": -3.70039165
},
{
  "position_lat": 40.32014541,
  "position_long": -3.700131057
},
{
  "position_lat": 40.3201517,
  "position_long": -3.699879516
},
{
  "position_lat": 40.32015262,
  "position_long": -3.699830649
},
{
  "position_lat": 40.32014307,
  "position_long": -3.69957651
},
{
  "position_lat": 40.32013452,
  "position_long": -3.699327484
},
{
  "position_lat": 40.3201351,
  "position_long": -3.699068148
},
{
  "position_lat": 40.32018129,
  "position_long": -3.698804704
},
{
  "position_lat": 40.32019503,
  "position_long": -3.698592559
},
{
  "position_lat": 40.320203,
  "position_long": -3.698326098
},
{
  "position_lat": 40.32018967,
  "position_long": -3.698065253
},
{
  "position_lat": 40.32016184,
  "position_long": -3.697813796
},
{
  "position_lat": 40.32014198,
  "position_long": -3.697559321
},
{
  "position_lat": 40.32012949,
  "position_long": -3.697313145
},
{
  "position_lat": 40.32015229,
  "position_long": -3.697057748
},
{
  "position_lat": 40.32014499,
  "position_long": -3.696805788
},
{
  "position_lat": 40.32012613,
  "position_long": -3.696553493
},
{
  "position_lat": 40.32010602,
  "position_long": -3.696303628
},
{
  "position_lat": 40.32009026,
  "position_long": -3.696064912
},
{
  "position_lat": 40.3200486,
  "position_long": -3.695823848
},
{
  "position_lat": 40.32004165,
  "position_long": -3.69582477
},
{
  "position_lat": 40.31982598,
  "position_long": -3.69580809
},
{
  "position_lat": 40.31961157,
  "position_long": -3.695780179
},
{
  "position_lat": 40.3194218,
  "position_long": -3.695754865
},
{
  "position_lat": 40.31929767,
  "position_long": -3.695754362
},
{
  "position_lat": 40.3191069,
  "position_long": -3.695754698
},
{
  "position_lat": 40.31890154,
  "position_long": -3.695743131
},
{
  "position_lat": 40.31873633,
  "position_long": -3.695724439
},
{
  "position_lat": 40.31854983,
  "position_long": -3.695740281
},
{
  "position_lat": 40.31836007,
  "position_long": -3.695742125
},
{
  "position_lat": 40.31827918,
  "position_long": -3.695731899
},
{
  "position_lat": 40.31808623,
  "position_long": -3.695712285
},
{
  "position_lat": 40.31791423,
  "position_long": -3.69569418
},
{
  "position_lat": 40.31791382,
  "position_long": -3.695560489
},
{
  "position_lat": 40.31806997,
  "position_long": -3.695390923
},
{
  "position_lat": 40.31820626,
  "position_long": -3.695235942
},
{
  "position_lat": 40.31837599,
  "position_long": -3.695051959
},
{
  "position_lat": 40.31853039,
  "position_long": -3.694862276
},
{
  "position_lat": 40.31867146,
  "position_long": -3.694664212
},
{
  "position_lat": 40.31869895,
  "position_long": -3.694620626
},
{
  "position_lat": 40.31880942,
  "position_long": -3.694391297
},
{
  "position_lat": 40.31891369,
  "position_long": -3.694226509
},
{
  "position_lat": 40.3190644,
  "position_long": -3.694076724
},
{
  "position_lat": 40.31909114,
  "position_long": -3.694040431
},
{
  "position_lat": 40.31922475,
  "position_long": -3.693856196
},
{
  "position_lat": 40.31942667,
  "position_long": -3.693852592
},
{
  "position_lat": 40.31962909,
  "position_long": -3.693865668
},
{
  "position_lat": 40.31966798,
  "position_long": -3.693863489
},
{
  "position_lat": 40.31974945,
  "position_long": -3.693866003
},
{
  "position_lat": 40.3197917,
  "position_long": -3.693868183
},
{
  "position_lat": 40.31999823,
  "position_long": -3.693881091
},
{
  "position_lat": 40.32003754,
  "position_long": -3.693882432
},
{
  "position_lat": "",
  "position_long": ""
},
{
  "position_lat": 40.3200766,
  "position_long": -3.693887293
},
{
  "position_lat": 40.32027693,
  "position_long": -3.693901291
},
{
  "position_lat": 40.32046032,
  "position_long": -3.693957953
},
{
  "position_lat": 40.32063492,
  "position_long": -3.694065828
},
{
  "position_lat": 40.3207987,
  "position_long": -3.69421578
},
{
  "position_lat": 40.32093482,
  "position_long": -3.694397919
},
{
  "position_lat": 40.3210582,
  "position_long": -3.694591876
},
{
  "position_lat": 40.32118678,
  "position_long": -3.694778709
},
{
  "position_lat": 40.32132064,
  "position_long": -3.694970151
},
{
  "position_lat": 40.32144712,
  "position_long": -3.695171904
},
{
  "position_lat": 40.3215778,
  "position_long": -3.695363263
},
{
  "position_lat": 40.32168148,
  "position_long": -3.695527883
},
{
  "position_lat": 40.32180981,
  "position_long": -3.695718991
},
{
  "position_lat": 40.32191416,
  "position_long": -3.695931304
},
{
  "position_lat": 40.32197426,
  "position_long": -3.696165411
},
{
  "position_lat": 40.32198658,
  "position_long": -3.696424663
},
{
  "position_lat": 40.32198625,
  "position_long": -3.696675282
},
{
  "position_lat": 40.32198365,
  "position_long": -3.696941994
},
{
  "position_lat": 40.32197175,
  "position_long": -3.697207617
},
{
  "position_lat": 40.32196538,
  "position_long": -3.697473239
},
{
  "position_lat": 40.32195968,
  "position_long": -3.697733162
},
{
  "position_lat": 40.32196093,
  "position_long": -3.69799342
},
{
  "position_lat": 40.32196152,
  "position_long": -3.698095763
},
{
  "position_lat": 40.3219694,
  "position_long": -3.698348058
},
{
  "position_lat": 40.32196756,
  "position_long": -3.698599096
},
{
  "position_lat": 40.32196051,
  "position_long": -3.698852984
},
{
  "position_lat": 40.3219611,
  "position_long": -3.699121876
},
{
  "position_lat": 40.32196177,
  "position_long": -3.699380625
},
{
  "position_lat": 40.32196194,
  "position_long": -3.699649852
},
{
  "position_lat": 40.32195951,
  "position_long": -3.699918073
},
{
  "position_lat": 40.32196311,
  "position_long": -3.70021035
},
{
  "position_lat": 40.3219606,
  "position_long": -3.700475385
},
{
  "position_lat": 40.32196345,
  "position_long": -3.700748552
},
{
  "position_lat": 40.3219575,
  "position_long": -3.701007469
},
{
  "position_lat": 40.32195549,
  "position_long": -3.701205952
},
{
  "position_lat": 40.32195641,
  "position_long": -3.701403933
},
{
  "position_lat": 40.32202665,
  "position_long": -3.701646673
},
{
  "position_lat": 40.32211172,
  "position_long": -3.701872565
},
{
  "position_lat": 40.32201449,
  "position_long": -3.702089908
},
{
  "position_lat": 40.32194928,
  "position_long": -3.702284871
},
{
  "position_lat": 40.32194534,
  "position_long": -3.702336252
},
{
  "position_lat": 40.32193118,
  "position_long": -3.702600617
},
{
  "position_lat": 40.32191936,
  "position_long": -3.702850901
},
{
  "position_lat": 40.32192464,
  "position_long": -3.703117277
},
{
  "position_lat": 40.32192204,
  "position_long": -3.703166731
},
{
  "position_lat": 40.32192464,
  "position_long": -3.703429922
},
{
  "position_lat": 40.32191726,
  "position_long": -3.703706525
},
{
  "position_lat": 40.32191106,
  "position_long": -3.703973321
},
{
  "position_lat": 40.32190645,
  "position_long": -3.704229891
},
{
  "position_lat": "",
  "position_long": ""
},
{
  "position_lat": 40.32190477,
  "position_long": -3.704489898
},
{
  "position_lat": 40.32191349,
  "position_long": -3.704750407
},
{
  "position_lat": 40.32192632,
  "position_long": -3.705012845
},
{
  "position_lat": 40.32193101,
  "position_long": -3.705269163
},
{
  "position_lat": 40.32193562,
  "position_long": -3.705532523
},
{
  "position_lat": 40.32192506,
  "position_long": -3.70580066
},
{
  "position_lat": 40.32191584,
  "position_long": -3.706066031
},
{
  "position_lat": 40.32190947,
  "position_long": -3.706344897
},
{
  "position_lat": 40.32191182,
  "position_long": -3.706617728
},
{
  "position_lat": 40.32189522,
  "position_long": -3.706881003
},
{
  "position_lat": 40.32187871,
  "position_long": -3.707158864
},
{
  "position_lat": 40.32183697,
  "position_long": -3.70743731
},
{
  "position_lat": 40.32175943,
  "position_long": -3.707697736
},
{
  "position_lat": 40.3216524,
  "position_long": -3.707925892
},
{
  "position_lat": 40.32160378,
  "position_long": -3.708002586
},
{
  "position_lat": 40.32154419,
  "position_long": -3.708063774
},
{
  "position_lat": 40.32147227,
  "position_long": -3.708096799
},
{
  "position_lat": 40.32128007,
  "position_long": -3.708164021
},
{
  "position_lat": 40.32121578,
  "position_long": -3.70822588
},
{
  "position_lat": 40.32115811,
  "position_long": -3.708314728
},
{
  "position_lat": 40.32113221,
  "position_long": -3.70836678
},
{
  "position_lat": 40.32110891,
  "position_long": -3.708414892
},
{
  "position_lat": 40.32108167,
  "position_long": -3.708460489
},
{
  "position_lat": 40.32101822,
  "position_long": -3.70853601
},
{
  "position_lat": 40.32084329,
  "position_long": -3.70865562
},
{
  "position_lat": 40.32064464,
  "position_long": -3.70870457
},
{
  "position_lat": 40.3204506,
  "position_long": -3.708704235
},
{
  "position_lat": 40.32025916,
  "position_long": -3.708653525
},
{
  "position_lat": 40.3201481,
  "position_long": -3.708616728
},
{
  "position_lat": 40.31996587,
  "position_long": -3.708522934
},
{
  "position_lat": 40.31978105,
  "position_long": -3.708413802
},
{
  "position_lat": 40.31960285,
  "position_long": -3.708313471
},
{
  "position_lat": 40.31956664,
  "position_long": -3.70829545
},
{
  "position_lat": 40.31938802,
  "position_long": -3.708207523
},
{
  "position_lat": 40.31920522,
  "position_long": -3.708123202
},
{
  "position_lat": 40.31905426,
  "position_long": -3.708062349
},
{
  "position_lat": 40.31894127,
  "position_long": -3.708026055
},
{
  "position_lat": 40.31890447,
  "position_long": -3.708013399
},
{
  "position_lat": 40.31871085,
  "position_long": -3.707954977
},
{
  "position_lat": 40.3185215,
  "position_long": -3.707897644
},
{
  "position_lat": 40.31833434,
  "position_long": -3.707857328
},
{
  "position_lat": 40.31813719,
  "position_long": -3.707821621
},
{
  "position_lat": 40.31794257,
  "position_long": -3.707834613
},
{
  "position_lat": 40.31776294,
  "position_long": -3.707948774
},
{
  "position_lat": 40.31756756,
  "position_long": -3.70797962
},
{
  "position_lat": 40.31736069,
  "position_long": -3.707986828
},
{
  "position_lat": 40.31728006,
  "position_long": -3.707993869
},
{
  "position_lat": 40.31711879,
  "position_long": -3.70800334
},
{
  "position_lat": 40.31692718,
  "position_long": -3.708048938
},
{
  "position_lat": 40.3168033,
  "position_long": -3.708269801
},
{
  "position_lat": 40.31677631,
  "position_long": -3.708448922
},
{
  "position_lat": 40.31677413,
  "position_long": -3.708511116
},
{
  "position_lat": 40.3167701,
  "position_long": -3.70857507
},
{
  "position_lat": 40.31674295,
  "position_long": -3.708843291
},
{
  "position_lat": 40.31671043,
  "position_long": -3.70907723
},
{
  "position_lat": 40.31667111,
  "position_long": -3.709296416
},
{
  "position_lat": 40.31665712,
  "position_long": -3.709361628
},
{
  "position_lat": "",
  "position_long": ""
},
{
  "position_lat": 40.31666139,
  "position_long": -3.70941787
},
{
  "position_lat": 40.31666516,
  "position_long": -3.709559273
},
{
  "position_lat": 40.31665276,
  "position_long": -3.709597411
},
{
  "position_lat": 40.31662703,
  "position_long": -3.709818609
},
{
  "position_lat": 40.31657992,
  "position_long": -3.710067049
},
{
  "position_lat": 40.31651345,
  "position_long": -3.710287493
},
{
  "position_lat": 40.31642159,
  "position_long": -3.710537944
},
{
  "position_lat": 40.31636501,
  "position_long": -3.710657135
},
{
  "position_lat": 40.31625303,
  "position_long": -3.710863162
},
{
  "position_lat": 40.31614414,
  "position_long": -3.711056365
},
{
  "position_lat": 40.31601825,
  "position_long": -3.711248143
},
{
  "position_lat": 40.3158978,
  "position_long": -3.711448554
},
{
  "position_lat": 40.31576855,
  "position_long": -3.711635806
},
{
  "position_lat": 40.31564165,
  "position_long": -3.711815514
},
{
  "position_lat": 40.31549488,
  "position_long": -3.711971417
},
{
  "position_lat": 40.31535222,
  "position_long": -3.712147856
},
{
  "position_lat": 40.31520143,
  "position_long": -3.712312644
},
{
  "position_lat": 40.31501443,
  "position_long": -3.712415574
},
{
  "position_lat": 40.31480254,
  "position_long": -3.71246771
},
{
  "position_lat": 40.31469223,
  "position_long": -3.712464189
},
{
  "position_lat": 40.31458343,
  "position_long": -3.712409036
},
{
  "position_lat": 40.31451177,
  "position_long": -3.712367797
},
{
  "position_lat": 40.31433667,
  "position_long": -3.712229831
},
{
  "position_lat": 40.31415948,
  "position_long": -3.712082226
},
{
  "position_lat": 40.31399578,
  "position_long": -3.711947864
},
{
  "position_lat": 40.31393317,
  "position_long": -3.711898578
},
{
  "position_lat": 40.31377844,
  "position_long": -3.711772682
},
{
  "position_lat": 40.31361591,
  "position_long": -3.711637314
},
{
  "position_lat": 40.31344802,
  "position_long": -3.711500857
},
{
  "position_lat": 40.3132725,
  "position_long": -3.711363059
},
{
  "position_lat": 40.31310269,
  "position_long": -3.711234815
},
{
  "position_lat": 40.3129415,
  "position_long": -3.711097352
},
{
  "position_lat": 40.31278158,
  "position_long": -3.710954776
},
{
  "position_lat": 40.31262064,
  "position_long": -3.710816056
},
{
  "position_lat": 40.31246264,
  "position_long": -3.71064188
},
{
  "position_lat": 40.31235293,
  "position_long": -3.710453035
},
{
  "position_lat": 40.3122334,
  "position_long": -3.710269975
},
{
  "position_lat": 40.3120345,
  "position_long": -3.71028305
},
{
  "position_lat": 40.31199376,
  "position_long": -3.71055848
},
{
  "position_lat": 40.31212301,
  "position_long": -3.710730141
},
{
  "position_lat": 40.31216433,
  "position_long": -3.710751347
},
{
  "position_lat": 40.31220716,
  "position_long": -3.710773392
},
{
  "position_lat": 40.31233541,
  "position_long": -3.710848326
},
{
  "position_lat": 40.31252232,
  "position_long": -3.710997356
},
{
  "position_lat": 40.31270413,
  "position_long": -3.711140854
},
{
  "position_lat": 40.31284695,
  "position_long": -3.71126893
},
{
  "position_lat": 40.3129177,
  "position_long": -3.711327771
},
{
  "position_lat": 40.31295232,
  "position_long": -3.711357526
},
{
  "position_lat": 40.3131223,
  "position_long": -3.711485518
},
{
  "position_lat": 40.31329145,
  "position_long": -3.711630609
},
{
  "position_lat": 40.31347292,
  "position_long": -3.711767569
},
{
  "position_lat": 40.31364458,
  "position_long": -3.711888772
},
{
  "position_lat": 40.31377525,
  "position_long": -3.711998574
},
{
  "position_lat": 40.31390467,
  "position_long": -3.712107707
},
{
  "position_lat": "",
  "position_long": ""
},
{
  "position_lat": 40.31408203,
  "position_long": -3.712242907
},
{
  "position_lat": 40.31426618,
  "position_long": -3.712375173
},
{
  "position_lat": 40.31440767,
  "position_long": -3.712497465
},
{
  "position_lat": 40.31457505,
  "position_long": -3.712644903
},
{
  "position_lat": 40.3147395,
  "position_long": -3.712797118
},
{
  "position_lat": 40.31480421,
  "position_long": -3.712936845
},
{
  "position_lat": 40.31490865,
  "position_long": -3.713137256
},
{
  "position_lat": 40.31493656,
  "position_long": -3.713170197
},
{
  "position_lat": 40.31514837,
  "position_long": -3.713180171
},
{
  "position_lat": 40.3153518,
  "position_long": -3.713191906
},
{
  "position_lat": 40.31553755,
  "position_long": -3.713304307
},
{
  "position_lat": 40.31571273,
  "position_long": -3.713435149
},
{
  "position_lat": 40.31574584,
  "position_long": -3.713461719
},
{
  "position_lat": 40.3157797,
  "position_long": -3.713486949
},
{
  "position_lat": 40.31584499,
  "position_long": -3.713543443
},
{
  "position_lat": 40.31587844,
  "position_long": -3.713569343
},
{
  "position_lat": 40.31605094,
  "position_long": -3.713706722
},
{
  "position_lat": 40.31620651,
  "position_long": -3.71385701
},
{
  "position_lat": 40.31636953,
  "position_long": -3.713993635
},
{
  "position_lat": 40.31653348,
  "position_long": -3.714117687
},
{
  "position_lat": 40.31669341,
  "position_long": -3.714245763
},
{
  "position_lat": 40.31685216,
  "position_long": -3.714380292
},
{
  "position_lat": 40.31701419,
  "position_long": -3.714513062
},
{
  "position_lat": 40.31718945,
  "position_long": -3.714634599
},
{
  "position_lat": 40.31736111,
  "position_long": -3.714767871
},
{
  "position_lat": 40.3175254,
  "position_long": -3.714901814
},
{
  "position_lat": 40.31762171,
  "position_long": -3.714991501
},
{
  "position_lat": 40.31775665,
  "position_long": -3.71510298
},
{
  "position_lat": 40.31792404,
  "position_long": -3.715229463
},
{
  "position_lat": 40.31802856,
  "position_long": -3.71530951
},
{
  "position_lat": 40.31819168,
  "position_long": -3.715446051
},
{
  "position_lat": 40.31836392,
  "position_long": -3.715580162
},
{
  "position_lat": 40.31855084,
  "position_long": -3.715631543
},
{
  "position_lat": 40.31874597,
  "position_long": -3.715581251
},
{
  "position_lat": 40.31893289,
  "position_long": -3.715460468
},
{
  "position_lat": 40.31909449,
  "position_long": -3.715268271
},
{
  "position_lat": 40.31923614,
  "position_long": -3.715062831
},
{
  "position_lat": 40.3193659,
  "position_long": -3.714864347
},
{
  "position_lat": 40.31950319,
  "position_long": -3.714662511
},
{
  "position_lat": 40.31963127,
  "position_long": -3.71447199
},
{
  "position_lat": 40.31975607,
  "position_long": -3.714275016
},
{
  "position_lat": 40.31989186,
  "position_long": -3.714071335
},
{
  "position_lat": 40.31996881,
  "position_long": -3.713959605
},
{
  "position_lat": 40.32011876,
  "position_long": -3.713752488
},
{
  "position_lat": 40.32025086,
  "position_long": -3.713547634
},
{
  "position_lat": 40.32036108,
  "position_long": -3.713355521
},
{
  "position_lat": 40.32043417,
  "position_long": -3.713229625
},
{
  "position_lat": 40.32057046,
  "position_long": -3.71302871
},
{
  "position_lat": 40.32059963,
  "position_long": -3.712734589
},
{
  "position_lat": 40.32059988,
  "position_long": -3.712454299
},
{
  "position_lat": 40.32066735,
  "position_long": -3.712234441
},
{
  "position_lat": "",
  "position_long": ""
},
{
  "position_lat": 40.32080079,
  "position_long": -3.712236704
},
{
  "position_lat": 40.32086425,
  "position_long": -3.712339886
},
{
  "position_lat": 40.32086005,
  "position_long": -3.712487239
},
{
  "position_lat": 40.32081529,
  "position_long": -3.712572986
},
{
  "position_lat": 40.32062888,
  "position_long": -3.712724783
},
{
  "position_lat": 40.32056132,
  "position_long": -3.712798795
},
{
  "position_lat": 40.32041858,
  "position_long": -3.713013455
},
{
  "position_lat": 40.32033652,
  "position_long": -3.713132394
},
{
  "position_lat": 40.32030844,
  "position_long": -3.713169359
},
{
  "position_lat": 40.32028263,
  "position_long": -3.713209257
},
{
  "position_lat": 40.32014835,
  "position_long": -3.713374631
},
{
  "position_lat": 40.32012379,
  "position_long": -3.713410841
},
{
  "position_lat": 40.32004944,
  "position_long": -3.713518297
},
{
  "position_lat": 40.31991801,
  "position_long": -3.71371896
},
{
  "position_lat": 40.31983822,
  "position_long": -3.713833624
},
{
  "position_lat": 40.31970981,
  "position_long": -3.714033784
},
{
  "position_lat": 40.31958299,
  "position_long": -3.714239979
},
{
  "position_lat": 40.31945173,
  "position_long": -3.71443335
},
{
  "position_lat": 40.31930915,
  "position_long": -3.714609705
},
{
  "position_lat": 40.31922919,
  "position_long": -3.714724621
},
{
  "position_lat": 40.31909835,
  "position_long": -3.714925619
},
{
  "position_lat": 40.31897295,
  "position_long": -3.715117648
},
{
  "position_lat": 40.31886893,
  "position_long": -3.715335578
},
{
  "position_lat": 40.31885049,
  "position_long": -3.715618802
},
{
  "position_lat": 40.31885611,
  "position_long": -3.715676218
},
{
  "position_lat": 40.3188691,
  "position_long": -3.715961203
},
{
  "position_lat": 40.31890288,
  "position_long": -3.716118028
},
{
  "position_lat": 40.31902559,
  "position_long": -3.716353811
},
{
  "position_lat": 40.31915543,
  "position_long": -3.716577776
},
{
  "position_lat": 40.31928149,
  "position_long": -3.716813307
},
{
  "position_lat": 40.31940026,
  "position_long": -3.71703241
},
{
  "position_lat": 40.31947453,
  "position_long": -3.717147578
},
{
  "position_lat": 40.31958483,
  "position_long": -3.717342205
},
{
  "position_lat": 40.31970754,
  "position_long": -3.717547227
},
{
  "position_lat": 40.31982397,
  "position_long": -3.717745626
},
{
  "position_lat": 40.31994475,
  "position_long": -3.717947546
},
{
  "position_lat": 40.32005589,
  "position_long": -3.718145192
},
{
  "position_lat": 40.32017576,
  "position_long": -3.718378963
},
{
  "position_lat": 40.32024289,
  "position_long": -3.71851014
},
{
  "position_lat": 40.32028941,
  "position_long": -3.718592534
},
{
  "position_lat": 40.32035982,
  "position_long": -3.718716586
},
{
  "position_lat": 40.32042939,
  "position_long": -3.7188341
},
{
  "position_lat": 40.32047264,
  "position_long": -3.718913142
},
{
  "position_lat": 40.32060172,
  "position_long": -3.719116403
},
{
  "position_lat": 40.32072611,
  "position_long": -3.719326705
},
{
  "position_lat": 40.32085603,
  "position_long": -3.719521919
},
{
  "position_lat": 40.32097095,
  "position_long": -3.719710764
},
{
  "position_lat": 40.3210836,
  "position_long": -3.719904637
},
{
  "position_lat": 40.32119106,
  "position_long": -3.720102366
},
{
  "position_lat": 40.32130949,
  "position_long": -3.720313841
},
{
  "position_lat": 40.32142424,
  "position_long": -3.720506625
},
{
  "position_lat": 40.32154796,
  "position_long": -3.720702594
},
{
  "position_lat": 40.32167033,
  "position_long": -3.72091365
},
{
  "position_lat": 40.32176228,
  "position_long": -3.721076259
},
{
  "position_lat": 40.32183604,
  "position_long": -3.721198048
},
{
  "position_lat": 40.32185784,
  "position_long": -3.721240377
},
{
  "position_lat": 40.32195808,
  "position_long": -3.721403992
},
{
  "position_lat": "",
  "position_long": ""
},
{
  "position_lat": 40.32208825,
  "position_long": -3.721598033
},
{
  "position_lat": 40.32223226,
  "position_long": -3.721784279
},
{
  "position_lat": 40.32241993,
  "position_long": -3.721868014
},
{
  "position_lat": 40.32262201,
  "position_long": -3.721857537
},
{
  "position_lat": 40.32266241,
  "position_long": -3.721849574
},
{
  "position_lat": 40.32270256,
  "position_long": -3.721841946
},
{
  "position_lat": 40.32274087,
  "position_long": -3.721830295
},
{
  "position_lat": 40.32292888,
  "position_long": -3.721721834
},
{
  "position_lat": 40.32311244,
  "position_long": -3.721557632
},
{
  "position_lat": 40.32314722,
  "position_long": -3.721524188
},
{
  "position_lat": 40.32318008,
  "position_long": -3.721489906
},
{
  "position_lat": 40.32321193,
  "position_long": -3.721456043
},
{
  "position_lat": 40.32330715,
  "position_long": -3.721355544
},
{
  "position_lat": 40.32346674,
  "position_long": -3.721183548
},
{
  "position_lat": 40.3236374,
  "position_long": -3.721023286
},
{
  "position_lat": 40.32381954,
  "position_long": -3.720885823
},
{
  "position_lat": 40.32400075,
  "position_long": -3.720739977
},
{
  "position_lat": 40.32417451,
  "position_long": -3.720591953
},
{
  "position_lat": 40.32435003,
  "position_long": -3.720449964
},
{
  "position_lat": 40.32451817,
  "position_long": -3.720309399
},
{
  "position_lat": 40.3246843,
  "position_long": -3.720178725
},
{
  "position_lat": 40.32475571,
  "position_long": -3.720134133
},
{
  "position_lat": 40.32482252,
  "position_long": -3.72008753
},
{
  "position_lat": 40.32488756,
  "position_long": -3.720046962
},
{
  "position_lat": 40.32492092,
  "position_long": -3.720052242
},
{
  "position_lat": 40.32495352,
  "position_long": -3.720071772
},
{
  "position_lat": 40.32512225,
  "position_long": -3.720224742
},
{
  "position_lat": 40.32515704,
  "position_long": -3.72025718
},
{
  "position_lat": 40.3252567,
  "position_long": -3.720480474
},
{
  "position_lat": 40.32531009,
  "position_long": -3.720707288
},
{
  "position_lat": 40.32536189,
  "position_long": -3.720889678
},
{
  "position_lat": 40.32543121,
  "position_long": -3.721130323
},
{
  "position_lat": 40.32549013,
  "position_long": -3.721367279
},
{
  "position_lat": 40.32555954,
  "position_long": -3.721631477
},
{
  "position_lat": 40.32562089,
  "position_long": -3.721884275
},
{
  "position_lat": 40.32570345,
  "position_long": -3.722124081
},
{
  "position_lat": 40.32577177,
  "position_long": -3.722351231
},
{
  "position_lat": 40.3258405,
  "position_long": -3.722578464
},
{
  "position_lat": 40.32589749,
  "position_long": -3.722778792
},
{
  "position_lat": 40.3259653,
  "position_long": -3.723035194
},
{
  "position_lat": 40.32603479,
  "position_long": -3.723273408
},
{
  "position_lat": 40.3261052,
  "position_long": -3.723543976
},
{
  "position_lat": 40.32615859,
  "position_long": -3.723792499
},
{
  "position_lat": 40.32620905,
  "position_long": -3.724063151
},
{
  "position_lat": 40.32618826,
  "position_long": -3.724158034
},
{
  "position_lat": 40.3261725,
  "position_long": -3.724203631
},
{
  "position_lat": 40.32615557,
  "position_long": -3.724253252
},
{
  "position_lat": 40.32601207,
  "position_long": -3.724425081
},
{
  "position_lat": 40.32589749,
  "position_long": -3.724459112
},
{
  "position_lat": 40.32570706,
  "position_long": -3.724542763
},
{
  "position_lat": 40.32554219,
  "position_long": -3.724642172
},
{
  "position_lat": 40.32546742,
  "position_long": -3.724674527
},
{
  "position_lat": 40.32543071,
  "position_long": -3.724696068
},
{
  "position_lat": 40.32524723,
  "position_long": -3.724785671
},
{
  "position_lat": 40.3250619,
  "position_long": -3.724864209
},
{
  "position_lat": 40.32487591,
  "position_long": -3.724947358
},
{
  "position_lat": 40.32469067,
  "position_long": -3.725025393
},
{
  "position_lat": 40.32453921,
  "position_long": -3.725071996
},
{
  "position_lat": 40.32434609,
  "position_long": -3.725116421
},
{
  "position_lat": "",
  "position_long": ""
},
{
  "position_lat": 40.32416177,
  "position_long": -3.725153385
},
{
  "position_lat": 40.32397158,
  "position_long": -3.725173669
},
{
  "position_lat": 40.32386388,
  "position_long": -3.725192528
},
{
  "position_lat": 40.32368593,
  "position_long": -3.725229744
},
{
  "position_lat": 40.32354578,
  "position_long": -3.725255812
},
{
  "position_lat": 40.32334579,
  "position_long": -3.725292608
},
{
  "position_lat": 40.32313599,
  "position_long": -3.725312222
},
{
  "position_lat": 40.32302024,
  "position_long": -3.725336445
},
{
  "position_lat": 40.32283282,
  "position_long": -3.725366369
},
{
  "position_lat": 40.32262092,
  "position_long": -3.725400148
},
{
  "position_lat": 40.32244247,
  "position_long": -3.725460162
},
{
  "position_lat": 40.3222999,
  "position_long": -3.725510705
},
{
  "position_lat": 40.32209932,
  "position_long": -3.725545658
},
{
  "position_lat": 40.32189748,
  "position_long": -3.725583293
},
{
  "position_lat": 40.32170981,
  "position_long": -3.725630399
},
{
  "position_lat": 40.32152608,
  "position_long": -3.725672392
},
{
  "position_lat": 40.32133531,
  "position_long": -3.72570483
},
{
  "position_lat": 40.32113431,
  "position_long": -3.725740789
},
{
  "position_lat": 40.32101646,
  "position_long": -3.725761659
},
{
  "position_lat": 40.32083843,
  "position_long": -3.725807676
},
{
  "position_lat": 40.32061916,
  "position_long": -3.725848747
},
{
  "position_lat": 40.32043937,
  "position_long": -3.725904739
},
{
  "position_lat": 40.32023644,
  "position_long": -3.7259873
},
{
  "position_lat": 40.32011708,
  "position_long": -3.726197267
},
{
  "position_lat": 40.3200833,
  "position_long": -3.726452328
},
{
  "position_lat": 40.32012764,
  "position_long": -3.72670236
},
{
  "position_lat": 40.32009101,
  "position_long": -3.726934707
},
{
  "position_lat": 40.31993578,
  "position_long": -3.727053897
},
{
  "position_lat": 40.31974191,
  "position_long": -3.726996398
},
{
  "position_lat": 40.31957201,
  "position_long": -3.72682834
},
{
  "position_lat": 40.31947712,
  "position_long": -3.726743851
},
{
  "position_lat": 40.31940638,
  "position_long": -3.726731949
},
{
  "position_lat": 40.3193037,
  "position_long": -3.726761453
},
{
  "position_lat": 40.31911905,
  "position_long": -3.726807889
},
{
  "position_lat": 40.31892702,
  "position_long": -3.726840494
},
{
  "position_lat": 40.31873885,
  "position_long": -3.726857258
},
{
  "position_lat": 40.3185386,
  "position_long": -3.72686103
},
{
  "position_lat": 40.31834682,
  "position_long": -3.726865975
},
{
  "position_lat": 40.31831271,
  "position_long": -3.726871926
},
{
  "position_lat": 40.31824616,
  "position_long": -3.726882571
},
{
  "position_lat": 40.31805891,
  "position_long": -3.726914339
},
{
  "position_lat": 40.31802278,
  "position_long": -3.726923391
},
{
  "position_lat": 40.31780569,
  "position_long": -3.726956416
},
{
  "position_lat": 40.31760796,
  "position_long": -3.726986507
},
{
  "position_lat": 40.31741593,
  "position_long": -3.727028416
},
{
  "position_lat": 40.31719951,
  "position_long": -3.727055658
},
{
  "position_lat": 40.31699583,
  "position_long": -3.727082815
},
{
  "position_lat": 40.31679567,
  "position_long": -3.72711584
},
{
  "position_lat": 40.31660347,
  "position_long": -3.727141656
},
{
  "position_lat": 40.31648462,
  "position_long": -3.727159426
},
{
  "position_lat": 40.31642016,
  "position_long": -3.727213237
},
{
  "position_lat": 40.31638127,
  "position_long": -3.727302756
},
{
  "position_lat": 40.31636249,
  "position_long": -3.727404848
},
{
  "position_lat": 40.3163557,
  "position_long": -3.727508951
},
{
  "position_lat": "",
  "position_long": ""
},
{
  "position_lat": 40.31637414,
  "position_long": -3.727779519
},
{
  "position_lat": 40.31639954,
  "position_long": -3.728044219
},
{
  "position_lat": 40.3164277,
  "position_long": -3.728320152
},
{
  "position_lat": 40.31645696,
  "position_long": -3.728590887
},
{
  "position_lat": 40.3164821,
  "position_long": -3.728864053
},
{
  "position_lat": 40.31648856,
  "position_long": -3.72897218
},
{
  "position_lat": 40.31650725,
  "position_long": -3.729234952
},
{
  "position_lat": 40.31653332,
  "position_long": -3.729497893
},
{
  "position_lat": 40.31656709,
  "position_long": -3.729757732
},
{
  "position_lat": 40.31657791,
  "position_long": -3.729973482
},
{
  "position_lat": 40.31659534,
  "position_long": -3.7302469
},
{
  "position_lat": 40.31657187,
  "position_long": -3.730429038
},
{
  "position_lat": 40.31639619,
  "position_long": -3.730508918
},
{
  "position_lat": 40.31619544,
  "position_long": -3.730580416
},
{
  "position_lat": 40.31599151,
  "position_long": -3.730643699
},
{
  "position_lat": 40.31587249,
  "position_long": -3.730669599
},
{
  "position_lat": 40.31567308,
  "position_long": -3.730702456
},
{
  "position_lat": 40.31548315,
  "position_long": -3.730780659
},
{
  "position_lat": 40.3154088,
  "position_long": -3.730824078
},
{
  "position_lat": 40.31530067,
  "position_long": -3.730876213
},
{
  "position_lat": 40.31512599,
  "position_long": -3.730975119
},
{
  "position_lat": 40.3149436,
  "position_long": -3.731060782
},
{
  "position_lat": 40.31475778,
  "position_long": -3.731120294
},
{
  "position_lat": 40.31457723,
  "position_long": -3.731189193
},
{
  "position_lat": 40.31438394,
  "position_long": -3.731266307
},
{
  "position_lat": 40.31419049,
  "position_long": -3.731377535
},
{
  "position_lat": 40.31404682,
  "position_long": -3.731452888
},
{
  "position_lat": 40.31386259,
  "position_long": -3.731545927
},
{
  "position_lat": 40.3136864,
  "position_long": -3.731666626
},
{
  "position_lat": 40.31349781,
  "position_long": -3.731763773
},
{
  "position_lat": 40.31329581,
  "position_long": -3.731836108
},
{
  "position_lat": 40.31325616,
  "position_long": -3.731850944
},
{
  "position_lat": 40.313215,
  "position_long": -3.731867792
},
{
  "position_lat": 40.31301183,
  "position_long": -3.731945911
},
{
  "position_lat": 40.31290202,
  "position_long": -3.731998717
},
{
  "position_lat": 40.31274461,
  "position_long": -3.73206527
},
{
  "position_lat": 40.3125872,
  "position_long": -3.732129307
},
{
  "position_lat": 40.31245569,
  "position_long": -3.732222682
},
{
  "position_lat": 40.31241923,
  "position_long": -3.73223668
},
{
  "position_lat": 40.31224497,
  "position_long": -3.732296694
},
{
  "position_lat": 40.31204112,
  "position_long": -3.73237255
},
{
  "position_lat": 40.31187834,
  "position_long": -3.732471708
},
{
  "position_lat": 40.31169143,
  "position_long": -3.732575979
},
{
  "position_lat": 40.31150082,
  "position_long": -3.732691733
},
{
  "position_lat": 40.3113098,
  "position_long": -3.7327981
},
{
  "position_lat": 40.31112749,
  "position_long": -3.732896755
},
{
  "position_lat": 40.31095885,
  "position_long": -3.732995493
},
{
  "position_lat": 40.31077453,
  "position_long": -3.73308585
},
{
  "position_lat": 40.31061326,
  "position_long": -3.733202862
},
{
  "position_lat": 40.31043389,
  "position_long": -3.733312916
},
{
  "position_lat": 40.31024152,
  "position_long": -3.73339179
},
{
  "position_lat": 40.31020339,
  "position_long": -3.73340671
},
{
  "position_lat": "",
  "position_long": ""
},
{
  "position_lat": 40.31009207,
  "position_long": -3.73346312
},
{
  "position_lat": 40.30990398,
  "position_long": -3.733555907
},
{
  "position_lat": 40.30971221,
  "position_long": -3.733650958
},
{
  "position_lat": 40.30951942,
  "position_long": -3.733742153
},
{
  "position_lat": 40.3093652,
  "position_long": -3.733816585
},
{
  "position_lat": 40.30932806,
  "position_long": -3.733840641
},
{
  "position_lat": 40.30914358,
  "position_long": -3.733956059
},
{
  "position_lat": 40.30895364,
  "position_long": -3.734040968
},
{
  "position_lat": 40.30891224,
  "position_long": -3.734057061
},
{
  "position_lat": 40.30873136,
  "position_long": -3.734146999
},
{
  "position_lat": 40.30854377,
  "position_long": -3.734226543
},
{
  "position_lat": 40.30834353,
  "position_long": -3.734306255
},
{
  "position_lat": 40.30814303,
  "position_long": -3.734385883
},
{
  "position_lat": 40.30810816,
  "position_long": -3.734404324
},
{
  "position_lat": 40.30792309,
  "position_long": -3.734507086
},
{
  "position_lat": 40.30781362,
  "position_long": -3.734560227
},
{
  "position_lat": 40.30774556,
  "position_long": -3.734549331
},
{
  "position_lat": 40.30756476,
  "position_long": -3.734474732
},
{
  "position_lat": 40.30738447,
  "position_long": -3.734591156
},
{
  "position_lat": 40.30725321,
  "position_long": -3.73479492
},
{
  "position_lat": 40.30705674,
  "position_long": -3.734872034
},
{
  "position_lat": 40.30685297,
  "position_long": -3.734945459
},
{
  "position_lat": 40.30665432,
  "position_long": -3.734997008
},
{
  "position_lat": 40.30644695,
  "position_long": -3.735047551
},
{
  "position_lat": 40.306239,
  "position_long": -3.735086946
},
{
  "position_lat": 40.30604672,
  "position_long": -3.735122653
},
{
  "position_lat": 40.30585997,
  "position_long": -3.735162383
},
{
  "position_lat": 40.30567381,
  "position_long": -3.735185266
},
{
  "position_lat": 40.30548505,
  "position_long": -3.735196833
},
{
  "position_lat": 40.3052698,
  "position_long": -3.735255254
},
{
  "position_lat": 40.30507534,
  "position_long": -3.735293057
},
{
  "position_lat": 40.30499957,
  "position_long": -3.735307138
},
{
  "position_lat": 40.30479387,
  "position_long": -3.735315185
},
{
  "position_lat": 40.30458743,
  "position_long": -3.73532868
},
{
  "position_lat": 40.30439548,
  "position_long": -3.735346366
},
{
  "position_lat": 40.30419029,
  "position_long": -3.735399172
},
{
  "position_lat": 40.30406289,
  "position_long": -3.735413337
},
{
  "position_lat": 40.3038587,
  "position_long": -3.735431358
},
{
  "position_lat": 40.3036448,
  "position_long": -3.735437142
},
{
  "position_lat": 40.30344657,
  "position_long": -3.735468742
},
{
  "position_lat": 40.30328781,
  "position_long": -3.735493384
},
{
  "position_lat": 40.30325077,
  "position_long": -3.7355047
},
{
  "position_lat": 40.30309394,
  "position_long": -3.735539736
},
{
  "position_lat": 40.30293946,
  "position_long": -3.735555997
},
{
  "position_lat": 40.30274249,
  "position_long": -3.735570079
},
{
  "position_lat": 40.30254551,
  "position_long": -3.735566223
},
{
  "position_lat": 40.30234158,
  "position_long": -3.735566391
},
{
  "position_lat": 40.30213656,
  "position_long": -3.735595811
},
{
  "position_lat": 40.3019478,
  "position_long": -3.735634284
},
{
  "position_lat": 40.30174462,
  "position_long": -3.735642079
},
{
  "position_lat": 40.30153382,
  "position_long": -3.735670997
},
{
  "position_lat": "",
  "position_long": ""
},
{
  "position_lat": 40.30135302,
  "position_long": -3.735699076
},
{
  "position_lat": 40.30115336,
  "position_long": -3.735708045
},
{
  "position_lat": 40.30094574,
  "position_long": -3.735760599
},
{
  "position_lat": 40.30075958,
  "position_long": -3.735765796
},
{
  "position_lat": 40.300558,
  "position_long": -3.735790858
},
{
  "position_lat": 40.30035608,
  "position_long": -3.735825727
},
{
  "position_lat": 40.30015734,
  "position_long": -3.735853722
},
{
  "position_lat": 40.29995123,
  "position_long": -3.735880293
},
{
  "position_lat": 40.29973757,
  "position_long": -3.73589538
},
{
  "position_lat": 40.29953968,
  "position_long": -3.735922454
},
{
  "position_lat": 40.29934228,
  "position_long": -3.735949611
},
{
  "position_lat": 40.29914447,
  "position_long": -3.735978948
},
{
  "position_lat": 40.29892998,
  "position_long": -3.735993197
},
{
  "position_lat": 40.29872462,
  "position_long": -3.736013146
},
{
  "position_lat": 40.29852849,
  "position_long": -3.736051871
},
{
  "position_lat": 40.29844827,
  "position_long": -3.736064443
},
{
  "position_lat": 40.2982948,
  "position_long": -3.736075759
},
{
  "position_lat": 40.29822799,
  "position_long": -3.736038208
},
{
  "position_lat": 40.29817125,
  "position_long": -3.735806867
},
{
  "position_lat": 40.29819539,
  "position_long": -3.735771999
},
{
  "position_lat": 40.29835372,
  "position_long": -3.735656999
},
{
  "position_lat": 40.29854969,
  "position_long": -3.735552561
},
{
  "position_lat": 40.29874532,
  "position_long": -3.735440997
},
{
  "position_lat": 40.29884758,
  "position_long": -3.735379726
},
{
  "position_lat": 40.29904054,
  "position_long": -3.735292722
},
{
  "position_lat": 40.29922343,
  "position_long": -3.735191552
},
{
  "position_lat": 40.29941152,
  "position_long": -3.735054005
},
{
  "position_lat": 40.29959341,
  "position_long": -3.734922828
},
{
  "position_lat": 40.2997711,
  "position_long": -3.734803135
},
{
  "position_lat": 40.29993623,
  "position_long": -3.734687129
},
{
  "position_lat": 40.3001047,
  "position_long": -3.73457808
},
{
  "position_lat": 40.30027125,
  "position_long": -3.734465931
},
{
  "position_lat": 40.3004559,
  "position_long": -3.734346908
},
{
  "position_lat": 40.30063679,
  "position_long": -3.734237608
},
{
  "position_lat": 40.3008258,
  "position_long": -3.73411498
},
{
  "position_lat": 40.30100852,
  "position_long": -3.734016912
},
{
  "position_lat": 40.30119167,
  "position_long": -3.733913228
},
{
  "position_lat": 40.30138738,
  "position_long": -3.733804347
},
{
  "position_lat": 40.30156692,
  "position_long": -3.733680043
},
{
  "position_lat": 40.30166114,
  "position_long": -3.733529085
},
{
  "position_lat": 40.30183682,
  "position_long": -3.733415175
},
{
  "position_lat": 40.30203111,
  "position_long": -3.733371589
},
{
  "position_lat": 40.30222482,
  "position_long": -3.733343761
},
{
  "position_lat": 40.30241844,
  "position_long": -3.733295901
},
{
  "position_lat": 40.30259555,
  "position_long": -3.733253069
},
{
  "position_lat": 40.3027901,
  "position_long": -3.733198335
},
{
  "position_lat": 40.30296595,
  "position_long": -3.73314335
},
{
  "position_lat": 40.30316359,
  "position_long": -3.733105715
},
{
  "position_lat": 40.30319838,
  "position_long": -3.733082917
},
{
  "position_lat": "",
  "position_long": ""
},
{
  "position_lat": 40.30338085,
  "position_long": -3.733003037
},
{
  "position_lat": 40.30356995,
  "position_long": -3.732932713
},
{
  "position_lat": 40.30376474,
  "position_long": -3.732895413
},
{
  "position_lat": 40.30394143,
  "position_long": -3.732840512
},
{
  "position_lat": 40.30414193,
  "position_long": -3.732724758
},
{
  "position_lat": 40.30431066,
  "position_long": -3.732620655
},
{
  "position_lat": 40.30451115,
  "position_long": -3.732559467
},
{
  "position_lat": 40.30472154,
  "position_long": -3.73247833
},
{
  "position_lat": 40.30492899,
  "position_long": -3.732382441
},
{
  "position_lat": 40.30513686,
  "position_long": -3.732277835
},
{
  "position_lat": 40.30530341,
  "position_long": -3.732146909
},
{
  "position_lat": 40.30544423,
  "position_long": -3.731987067
},
{
  "position_lat": 40.30561647,
  "position_long": -3.731817417
},
{
  "position_lat": 40.305765,
  "position_long": -3.731653215
},
{
  "position_lat": 40.30585025,
  "position_long": -3.731573503
},
{
  "position_lat": 40.30593331,
  "position_long": -3.731469065
},
{
  "position_lat": 40.30605124,
  "position_long": -3.731288351
},
{
  "position_lat": 40.30622751,
  "position_long": -3.731113421
},
{
  "position_lat": 40.30639205,
  "position_long": -3.730987776
},
{
  "position_lat": 40.30655399,
  "position_long": -3.730889792
},
{
  "position_lat": 40.30670897,
  "position_long": -3.730739169
},
{
  "position_lat": 40.30688667,
  "position_long": -3.7305691
},
{
  "position_lat": 40.30705732,
  "position_long": -3.730417388
},
{
  "position_lat": 40.30721733,
  "position_long": -3.73023944
},
{
  "position_lat": 40.30737064,
  "position_long": -3.730088817
},
{
  "position_lat": 40.30753434,
  "position_long": -3.729920425
},
{
  "position_lat": 40.30770533,
  "position_long": -3.72977349
},
{
  "position_lat": 40.30790021,
  "position_long": -3.729689335
},
{
  "position_lat": 40.30810556,
  "position_long": -3.729627645
},
{
  "position_lat": 40.30828971,
  "position_long": -3.729557991
},
{
  "position_lat": 40.3084742,
  "position_long": -3.729417678
},
{
  "position_lat": 40.30851267,
  "position_long": -3.729395466
},
{
  "position_lat": 40.30863144,
  "position_long": -3.729300667
},
{
  "position_lat": 40.30875013,
  "position_long": -3.729233947
},
{
  "position_lat": 40.30895842,
  "position_long": -3.729157252
},
{
  "position_lat": 40.30915406,
  "position_long": -3.729117271
},
{
  "position_lat": 40.30933536,
  "position_long": -3.729053317
},
{
  "position_lat": 40.30953778,
  "position_long": -3.728989866
},
{
  "position_lat": 40.30971673,
  "position_long": -3.728927588
},
{
  "position_lat": 40.30990248,
  "position_long": -3.728852402
},
{
  "position_lat": 40.31008059,
  "position_long": -3.728779983
},
{
  "position_lat": 40.31025837,
  "position_long": -3.728688788
},
{
  "position_lat": 40.31043615,
  "position_long": -3.728607316
},
{
  "position_lat": 40.31061997,
  "position_long": -3.728535818
},
{
  "position_lat": 40.31079808,
  "position_long": -3.728476474
},
{
  "position_lat": 40.31098701,
  "position_long": -3.72842459
},
{
  "position_lat": 40.311172,
  "position_long": -3.728372874
},
{
  "position_lat": 40.31127535,
  "position_long": -3.728336077
},
{
  "position_lat": "",
  "position_long": ""
},
{
  "position_lat": 40.31145774,
  "position_long": -3.728293413
},
{
  "position_lat": 40.31165061,
  "position_long": -3.728217054
},
{
  "position_lat": 40.3118449,
  "position_long": -3.728089901
},
{
  "position_lat": 40.31204397,
  "position_long": -3.727969034
},
{
  "position_lat": 40.31223801,
  "position_long": -3.727879347
},
{
  "position_lat": 40.31243188,
  "position_long": -3.727795361
},
{
  "position_lat": 40.31262626,
  "position_long": -3.72769394
},
{
  "position_lat": 40.31280253,
  "position_long": -3.727635602
},
{
  "position_lat": 40.31288526,
  "position_long": -3.727613389
},
{
  "position_lat": 40.31304133,
  "position_long": -3.727591764
},
{
  "position_lat": 40.31318366,
  "position_long": -3.727576844
},
{
  "position_lat": 40.31337954,
  "position_long": -3.727570223
},
{
  "position_lat": 40.3135792,
  "position_long": -3.727559745
},
{
  "position_lat": 40.31376201,
  "position_long": -3.727556309
},
{
  "position_lat": 40.31395898,
  "position_long": -3.727528481
},
{
  "position_lat": 40.31407507,
  "position_long": -3.727514232
},
{
  "position_lat": 40.31426392,
  "position_long": -3.727478357
},
{
  "position_lat": 40.31446056,
  "position_long": -3.727444243
},
{
  "position_lat": 40.31466306,
  "position_long": -3.727405686
},
{
  "position_lat": 40.31487663,
  "position_long": -3.727368722
},
{
  "position_lat": 40.31509825,
  "position_long": -3.727346761
},
{
  "position_lat": 40.31530143,
  "position_long": -3.727316083
},
{
  "position_lat": 40.31550452,
  "position_long": -3.727279538
},
{
  "position_lat": 40.31571759,
  "position_long": -3.727250956
},
{
  "position_lat": 40.31591976,
  "position_long": -3.727217931
},
{
  "position_lat": 40.31612461,
  "position_long": -3.72718541
},
{
  "position_lat": 40.31627859,
  "position_long": -3.727169652
},
{
  "position_lat": 40.31648076,
  "position_long": -3.727156827
},
{
  "position_lat": 40.31668126,
  "position_long": -3.72713604
},
{
  "position_lat": 40.31688427,
  "position_long": -3.727113996
},
{
  "position_lat": 40.31707269,
  "position_long": -3.727078037
},
{
  "position_lat": 40.31727922,
  "position_long": -3.727035876
},
{
  "position_lat": 40.31739975,
  "position_long": -3.727027327
},
{
  "position_lat": 40.31759363,
  "position_long": -3.727009809
},
{
  "position_lat": 40.31778272,
  "position_long": -3.726998074
},
{
  "position_lat": 40.31797903,
  "position_long": -3.726971922
},
{
  "position_lat": 40.3181781,
  "position_long": -3.726946861
},
{
  "position_lat": 40.31836677,
  "position_long": -3.726914339
},
{
  "position_lat": 40.31857146,
  "position_long": -3.726887265
},
{
  "position_lat": 40.31876584,
  "position_long": -3.726880979
},
{
  "position_lat": 40.31895359,
  "position_long": -3.726859521
},
{
  "position_lat": 40.31916297,
  "position_long": -3.72681845
},
{
  "position_lat": 40.31937369,
  "position_long": -3.726793388
},
{
  "position_lat": 40.31957678,
  "position_long": -3.726762207
},
{
  "position_lat": 40.31976555,
  "position_long": -3.726626923
},
{
  "position_lat": 40.31992606,
  "position_long": -3.726499267
},
{
  "position_lat": 40.32004651,
  "position_long": -3.726328276
},
{
  "position_lat": "",
  "position_long": ""
},
{
  "position_lat": 40.32014675,
  "position_long": -3.72612468
},
{
  "position_lat": 40.32020736,
  "position_long": -3.725977577
},
{
  "position_lat": 40.32030769,
  "position_long": -3.725744225
},
{
  "position_lat": 40.32041271,
  "position_long": -3.72551892
},
{
  "position_lat": 40.32053802,
  "position_long": -3.725299984
},
{
  "position_lat": 40.32067372,
  "position_long": -3.725093119
},
{
  "position_lat": 40.32078822,
  "position_long": -3.724884829
},
{
  "position_lat": 40.32090322,
  "position_long": -3.724691626
},
{
  "position_lat": 40.32103021,
  "position_long": -3.72450538
},
{
  "position_lat": 40.32116055,
  "position_long": -3.724307399
},
{
  "position_lat": 40.32128577,
  "position_long": -3.724105814
},
{
  "position_lat": 40.32141075,
  "position_long": -3.723913953
},
{
  "position_lat": 40.32153907,
  "position_long": -3.723733407
},
{
  "position_lat": 40.3216669,
  "position_long": -3.723544311
},
{
  "position_lat": 40.32180092,
  "position_long": -3.72334105
},
{
  "position_lat": 40.32195523,
  "position_long": -3.723137034
},
{
  "position_lat": 40.32208859,
  "position_long": -3.72293612
},
{
  "position_lat": 40.32224248,
  "position_long": -3.722733613
},
{
  "position_lat": 40.32233401,
  "position_long": -3.722547451
},
{
  "position_lat": 40.32234927,
  "position_long": -3.722441839
},
{
  "position_lat": 40.32234055,
  "position_long": -3.722336562
},
{
  "position_lat": 40.3223097,
  "position_long": -3.72223841
},
{
  "position_lat": 40.32219412,
  "position_long": -3.722010255
},
{
  "position_lat": 40.32208406,
  "position_long": -3.721787464
},
{
  "position_lat": 40.32196362,
  "position_long": -3.721566517
},
{
  "position_lat": 40.3218508,
  "position_long": -3.721342301
},
{
  "position_lat": 40.32171492,
  "position_long": -3.721123701
},
{
  "position_lat": 40.32159389,
  "position_long": -3.720900491
},
{
  "position_lat": 40.32145903,
  "position_long": -3.720683567
},
{
  "position_lat": 40.32134579,
  "position_long": -3.720468655
},
{
  "position_lat": 40.32122618,
  "position_long": -3.720249552
},
{
  "position_lat": 40.32108603,
  "position_long": -3.720026342
},
{
  "position_lat": 40.320965,
  "position_long": -3.719800701
},
{
  "position_lat": 40.32082887,
  "position_long": -3.719573887
},
{
  "position_lat": 40.32071161,
  "position_long": -3.719390407
},
{
  "position_lat": 40.32059284,
  "position_long": -3.719160827
},
{
  "position_lat": 40.32046979,
  "position_long": -3.718935521
},
{
  "position_lat": 40.32033836,
  "position_long": -3.718706276
},
{
  "position_lat": 40.32020694,
  "position_long": -3.718478037
},
{
  "position_lat": 40.32007316,
  "position_long": -3.718246361
},
{
  "position_lat": 40.31996344,
  "position_long": -3.718049554
},
{
  "position_lat": 40.31985976,
  "position_long": -3.717855429
},
{
  "position_lat": 40.31974057,
  "position_long": -3.717672285
},
{
  "position_lat": 40.3196052,
  "position_long": -3.717442956
},
{
  "position_lat": 40.31950118,
  "position_long": -3.717248244
},
{
  "position_lat": 40.31936782,
  "position_long": -3.71703174
},
{
  "position_lat": 40.31930814,
  "position_long": -3.716952279
},
{
  "position_lat": "",
  "position_long": ""
},
{
  "position_lat": 40.31917362,
  "position_long": -3.716803584
},
{
  "position_lat": 40.31909801,
  "position_long": -3.716883799
},
{
  "position_lat": 40.31912198,
  "position_long": -3.716982538
},
{
  "position_lat": 40.31921024,
  "position_long": -3.717188565
},
{
  "position_lat": 40.31932692,
  "position_long": -3.717444632
},
{
  "position_lat": 40.31934469,
  "position_long": -3.71750582
},
{
  "position_lat": 40.31936791,
  "position_long": -3.717627861
},
{
  "position_lat": 40.31937922,
  "position_long": -3.717864063
},
{
  "position_lat": 40.31937696,
  "position_long": -3.718156507
},
{
  "position_lat": 40.31936715,
  "position_long": -3.718274357
},
{
  "position_lat": 40.31934435,
  "position_long": -3.718383741
},
{
  "position_lat": 40.31925668,
  "position_long": -3.718563868
},
{
  "position_lat": 40.3191768,
  "position_long": -3.718578452
},
{
  "position_lat": 40.31899173,
  "position_long": -3.718523383
},
{
  "position_lat": 40.3188049,
  "position_long": -3.718458507
},
{
  "position_lat": 40.31861672,
  "position_long": -3.718381645
},
{
  "position_lat": 40.31842545,
  "position_long": -3.718305957
},
{
  "position_lat": 40.31822026,
  "position_long": -3.718233956
},
{
  "position_lat": 40.31803519,
  "position_long": -3.718177462
},
{
  "position_lat": 40.31791423,
  "position_long": -3.718126919
}
]